task_identifier,task_description,task_app,golden_steps,task_difficulty,备注
43vdtnbnqw2nfcho,"Open Clock app, first create a default alarm, then navigate to the Alarm page and add a custom label 'Morning Workout' using the Add label feature to complete the alarm personalization",['Clock'],20,2,
i92tp3yykp223vgu,"Open Clock app, navigate to Timer page, access Settings, then adjust the Alarm volume slider to increase or decrease the current volume level setting",['Clock'],20,2,
a4s9qeaxwdw0wciz,"Open Clock app, navigate to Bedtime page, first configure a basic sleep schedule with bedtime at 23:00 and wake-up at 07:00, then tap on 'Choose another sound' to modify the sleep sound setting",['Clock'],20,2,
ehmid29z2gk0n8n5,"Open Clock app, first create a new alarm for 06:30 by tapping the add button, then navigate to the alarm sound selection page and change the alarm sound from BeeBeep Alarm to Argon to complete sound customization",['Clock'],20,2,
m3ek14vshr2wmeft,"Open Clock app, first set up an alarm with default settings, then navigate to the alarm sound selection page and change from Default (Cesium) to Argon sound to complete sound customization",['Clock'],20,2,
1rg9mkvwwc5ms8pr,"Open Clock app, first create an alarm for 07:45, then navigate to alarm settings page and disable the Vibrate option while keeping the alarm enabled to complete vibration configuration",['Clock'],20,2,
raov49a0z9661tax,"Open Clock app, first create an alarm for 07:45, then navigate to the Alarm settings page and enable Google Assistant Routine to complete alarm enhancement setup",['Clock'],20,2,
osjvbhju7zahj4kh,"Open Clock app, navigate to Timer tab and set up a 15-second timer, start it to verify functionality, then clear the timer and input a new 45-second timer",['Clock'],20,2,
55f41ux9g5lnje5g,"Open Clock app, navigate to Alarm page, then tap on an existing alarm to open its settings and change the alarm tone from Barium to BeeBeep Alarm",['Clock'],10,1,
db7c9mb2pvmoy2g9,"Open Clock app, first set up an alarm for 07:45, then navigate to the alarm details and add a custom label 'Morning Alarm' to complete alarm identification setup",['Clock'],20,2,
hbp3eoiiaowcfrpt,"Open Clock app, navigate to the Timer tab, create a 3-minute timer by entering numbers 3-0-0, then start the timer and pause it using the pause button",['Clock'],20,2,不要讲怎么做，只说目标
jh7g58rv2fo512ae,"Open Clock app, navigate to the Alarm page, then tap the + button to create a new alarm",['Clock'],10,1,
biawm15uufzpfkn4,"Open Clock app, first set an alarm for weekdays only, then navigate to the Alarm page and change the schedule from weekdays to weekend-only by selecting Saturday and Sunday to complete the schedule modification",['Clock'],20,2,
wqynzv53mok5kruw,"Open Clock app, navigate to the Alarm page, then tap the '+' button to create a new alarm",['Clock'],10,1,
c8zkoed9tul7abin,"Open Clock app, navigate to Timer page, access Settings, then navigate to Timer sound page and change the timer notification sound from 'Timer Expired' to 'Argon'",['Clock'],20,2,
qktj47xjhuysicx7,"Open Clock app, navigate to Stopwatch page, start the stopwatch, let it run for 15 seconds, then pause and resume it to complete timing control",['Clock'],20,2,
f2p7scyapzn8bbm6,"Open Clock app, navigate to Alarm section, create a new alarm set for 07:30, then add the label 'Work Meeting' to complete the alarm configuration",['Clock'],20,2,
rp5n1516l8pz3sdu,"Open Clock app, navigate to Timer page, access the three-dot menu and select Settings to reach the Settings page",['Clock'],20,2,
mafurt8bnbx9cb3q,"Open Clock app, first access the main menu, then navigate to Settings page and configure the screensaver to display clock in night mode to complete display customization",['Clock'],20,2,
nxjuh9vhutqnn3mm,"Open Clock app, navigate to the Alarm page, first disable an existing alarm using the toggle switch, then modify its vibrate setting and alarm tone while it remains disabled, and finally re-enable the alarm",['Clock'],20,2,
vzbg4qhmw45x7nx4,"Open Clock app, navigate to the Alarm page, first add a custom label to an unlabeled alarm, then configure the Google Assistant Routine setting and enable the pause alarm feature",['Clock'],20,2,
9gx8dv9q1dt9ly3a,"Open Clock app, first set an alarm for 07:45, then navigate to the alarm details page and change the alarm tone from default to BeeBeep Alarm to complete custom alarm configuration",['Clock'],20,2,
5xpn0mjgfbsgqrlp,"Open Clock app, first create a new alarm for 06:30 by tapping the add button, then navigate to the alarm sound selection page and change the sound to Silent mode to complete silent alarm setup",['Clock'],20,2,
qbu2om1kvpx2u0eb,"Open Clock app, navigate to Alarm section, create an alarm for 06:00 on weekdays only, then enable vibrate mode to complete the alarm setup",['Clock'],20,2,
t4epu4lgx89pqr3f,"Open Clock app, first create an alarm for 06:30 set for Monday, Tuesday, Wednesday, Thursday, and Friday, navigate to alarm configuration, tap BeeBeep Alarm to access sound settings, select Silent option from device sounds, enable vibrate mode, add label 'Silent Morning', then duplicate this alarm for Saturday to complete silent alarm series",['Clock'],30,3,
ka6vabchf16vqlne,"Open Clock app, first create a new alarm set for Saturday at 06:30, navigate to the alarm configuration page, add a custom label 'Weekend Alarm', change the alarm sound from BeeBeep Alarm to Default (Cesium), disable vibrate option, then save the configuration to complete weekend alarm setup",['Clock'],30,3,
o6t7gtoqugfn2gel,"Open Clock app, first create a new alarm for 07:00 with label 'Morning Routine', then navigate to the alarm settings page and enable vibration, disable the BeeBeep Alarm sound, add a Google Assistant Routine, and finally set the alarm to repeat only on weekdays to complete the comprehensive alarm configuration",['Clock'],30,3,
j0w5q2sp1e9n42y0,"Open Clock app, first create a new alarm set for 06:30 with weekdays selected (Monday through Friday), navigate to the alarm settings page, tap on BeeBeep Alarm option, select Argon ringtone from the available options, then enable vibrate option to complete alarm customization",['Clock'],30,3,
8uusstmjt6aeb7jf,"Open Clock app, first create two separate timers (one for 10 minutes, another for 20 minutes), then navigate to the Timer page and delete the 10-minute timer using the X button to complete timer management",['Clock'],20,2,
uow3brdf32iqlff9,"Open Clock app, first create a new alarm set for 06:15 with label 'Morning Workout', then navigate to the alarm configuration page and configure it to repeat on Monday, Wednesday, and Friday only, enable vibration, and set Google Assistant Routine to complete the customized alarm setup",['Clock'],30,3,
c68bv9z40qjci7qj,"Open Clock app, first create a 25-minute timer using the Timer tab, then access the overflow menu from Timer page, navigate to Settings page, scroll down to Timers section, select Timer sound option, and change from 'Timer Expired' to 'Argon' ringtone to complete timer notification sound customization",['Clock'],30,3,
p5ym8d29pexbhdra,"Open Clock app, navigate to the Timer tab, then access the overflow menu (three dots) to view timer options",['Clock'],10,1,
tw3q161hw1wavg38,"Open Clock app, navigate to the Alarm page, then tap 'Pause alarm' to temporarily disable the current alarm",['Clock'],10,1,
9rp9qyjqli4vicbz,"Open Clock app, navigate to the Alarm page, tap on the 6:30 alarm settings, then select the BeeBeep Alarm option to change the alarm sound",['Clock'],10,1,
vyb2t75znxi3abvc,"Open Clock app, navigate to Bedtime page, then tap the 'Continue' button to enable bedtime activity tracking",['Clock'],10,1,
t36mgd0w46793j8p,"Open Clock app, navigate to Alarm section, then tap the add button to create a new alarm",['Clock'],10,1,
jjhygtos6cw3xbe1,"Open Clock app, navigate to the Alarm page, then tap the collapse arrow button to minimize the 06:30 weekday alarm details",['Clock'],10,1,
790fyk0h3jnvkmjb,"Open Clock app, navigate to the Alarm page, then tap on the Vibrate option to toggle vibration settings",['Clock'],10,1,
gafth4ku2x9e08in,"Open Clock app, navigate to Alarm sound page, then select 'Silent' option to complete silent alarm configuration",['Clock'],10,1,
s03wx0tzk9smribh,"Open Clock app, navigate to Alarm page, then press the delete button to remove an alarm",['Clock'],10,1,
mcku71ps6xi6tiva,"Open Clock app, navigate to Stopwatch page, then tap the start button to begin timing",['Clock'],10,1,
c34f2wh5lvd42fdr,"Open Clock app, navigate to Alarm page, select an existing alarm, then disable the Vibrate setting and enable Google Assistant Routine to complete the alarm configuration",['Clock'],20,2,
a2hswdndlxsng0pp,"Open Clock app, navigate to Bedtime page, first set up the default sleep schedule showing 8 hours, then test the current sleep sound by tapping the play button next to 'Waves'",['Clock'],20,2,
tqn2i4u34csn1je4,"Open Clock app, navigate to the Alarm tab to view alarm settings",['Clock'],10,1,
mfo6ethor5ot2q8n,"Open Clock app, navigate to the Alarm page, then toggle the vibrate setting to enable vibration for alarms",['Clock'],10,1,
jfcy0h0upwyq964y,"Open Clock app, navigate to the Alarm page, then tap on the existing 6:30 alarm to access its settings",['Clock'],10,1,
tlk28gxwnoqbf01k,"Open Clock app, navigate to Bedtime page, then tap the bedtime time (23:00) to modify the sleep schedule start time",['Clock'],10,1,
pswexuj50xvgysq9,"Open Clock app, navigate to the Alarm page, then tap the 'Screen saver' option from the menu to access screensaver settings",['Clock'],10,1,
pj9376q6v84mds6y,"Open Clock app, first start the stopwatch on the Stopwatch page to record some time, then tap the reset button to return to zero",['Clock'],10,1,
7co8evt5i3tx1hi6,"Open Clock app, navigate to Bedtime page, then tap 'Choose another sound' button to access additional sleep sound options",['Clock'],10,1,
o017ra2iqendjtt5,"Open Clock app, navigate to Bedtime page, then tap 'No thanks' to decline bedtime activity tracking",['Clock'],10,1,
ucn0ee4zbimzlpd3,"Open Clock app, navigate to Alarm page, and tap on 'Beep-Beep-Beep Alarm' option to access alarm sound settings",['Clock'],10,1,
arxlwuccxymuqd9q,"Open Clock app, navigate to the Alarm page, then tap on the 'Add label' option in an expanded alarm's settings",['Clock'],10,1,
n5vqc2mqicg4iv7a,"Open Clock app, navigate to Bedtime page, first configure the sleep schedule to show next alarm on Tuesday, then decline bedtime activity tracking by selecting 'No thanks' in the dialog",['Clock'],20,2,
l2fjyetmjcm3a680,"Open Clock app, navigate to the Alarm page, then tap the toggle switch to turn off the 06:30 weekday alarm to disable it",['Clock'],10,1,
7uvu3pwg98zk2pvr,"Open Clock app, navigate to the Timer tab to access timer functionality",['Clock'],10,1,
0macsuh0rmnrnxqs,"Open Clock app, navigate to Bedtime page, then tap the play button next to 'Waves' to preview the sleep sound",['Clock'],10,1,
oxh8y11otm3s65hs,"Open Clock app, navigate to Clock page, then tap the plus button to add a new world clock for Paris to complete the world clock expansion",['Clock'],20,2,
nhkhkvdxflou01xt,"Open Clock app, navigate to the Clock page and tap the plus button to add a new world clock",['Clock'],10,1,
p3p32jncimf4yojd,"Open Clock app, navigate to the Alarm page, then toggle off an active alarm using the switch",['Clock'],10,1,
smtej35bwqdrkw20,"Open Clock app, navigate to the Alarm page, then enable vibrate option for an existing alarm to complete alarm customization",['Clock'],10,1,
pnwgpyh09knhdwbx,"Open Clock app, navigate to the Alarm page, then tap the add button (+) to create a new alarm",['Clock'],10,1,
fweahozals84sti5,"Open Clock app, navigate to the Alarm page, then create a new alarm by tapping the plus button",['Clock'],10,1,
luz6xin8kl64oon8,"Open Clock app, navigate to the Bedtime tab and tap on one of the weekday buttons to toggle it off",['Clock'],10,1,
q2ynpcm47617wcno,"Open Clock app, navigate to the Alarm page, then tap the dropdown arrow on any existing alarm to expand its options",['Clock'],10,1,
hwmd33ossqbxuuav,"Open Clock app, navigate to Timer page, then set a timer for 10 minutes and start it to complete the countdown timer activation",['Clock'],20,2,
7yi6cte4dhzrnu6x,"Open Clock app, navigate to the Bedtime tab and enable the Sunrise Alarm feature by tapping its toggle switch",['Clock'],10,1,
ubyuiyaw18rd76p6,"Open Clock app, navigate to Stopwatch page, first run a test timing session of at least 15 seconds, then reset the stopwatch and verify it returns to zero",['Clock'],20,2,
rftrng7oucwl421j,"Open Clock app, navigate to the Alarm page, then tap the Vibrate option for the 06:30 weekday alarm to disable vibration",['Clock'],10,1,
swhr33vuojsub30a,"Open Clock app, navigate to the Alarm page, then disable the alarm by toggling the main alarm switch",['Clock'],10,1,
q44m5zpldmfkur14,"Open Clock app, navigate to Alarm page, then turn on the vibrate option for an existing alarm to complete alarm customization",['Clock'],10,1,
l2eedf7zmeniuyl9,"Open Clock app, navigate to the Alarm page with BeeBeep Alarm selected, tap on BeeBeep Alarm, then select 'Argon' from the available ringtone options",['Clock'],10,1,
ig2it96bqykr677a,"Open Clock app, navigate to Clock section, then tap the add button to add a new city",['Clock'],10,1,
67lp2vhgeksi10xr,"Open Clock app, navigate to Stopwatch page, then start the stopwatch and record one lap time to complete the timing session",['Clock'],20,2,
a9mvw79xzfjhqhae,"Open Clock app, navigate to Bedtime page, then tap the play button for the Waves sleep sound to preview the audio",['Clock'],10,1,
g2xd9b85bm3bgeag,"Open Clock app, navigate to Settings page, then access Timer sound settings to view available ringtone options",['Clock'],10,1,
y1mcg0ipk2t4hl14,"Open Clock app, navigate to Alarm sound page, then select 'Argon' from the Device sounds list to complete alarm sound configuration",['Clock'],10,1,
a63ltg5hhlfzhaxh,"Open Clock app, navigate to the Alarm page, tap on the 6:30 alarm to open settings, then tap the 'Add label' field to create a custom label",['Clock'],10,1,
bkyj8z97t6cb7gtv,"Open Clock app, navigate to Alarm page using the bottom navigation tabs to access alarm functions",['Clock'],10,1,
588hyvarlr09phd1,"Open Clock app, navigate to the Alarm page, then tap on the BeeBeep Alarm option to access sound selection",['Clock'],10,1,
unp78z5kcpbmiw7s,"Open Clock app, navigate to the Alarm page, then tap 'Add label' to add a custom label to the existing alarm",['Clock'],10,1,
0bjnsf15qqy31325,"Open Clock app, navigate to the Timer tab, then tap the delete button (X) to clear the current timer configuration to complete reset",['Clock'],10,1,
7wrtfstx0w80d419,"Open Clock app, navigate to the Stopwatch page, then tap the start button to begin timing",['Clock'],10,1,
j2ijrkg6cl1nei3r,"Open Clock app, navigate to Clock section, then view the current time display for the main location",['Clock'],10,1,
flryryr355bm56x1,"Open Clock app, navigate to the Timer tab, then tap the Stopwatch tab to switch to stopwatch functionality",['Clock'],10,1,
dzhgle0eicyx33xp,"Open Clock app, navigate to the Alarm page, then tap the toggle switch on any existing alarm to turn it off",['Clock'],10,1,
jeb9l9rcy64a9d4j,"Open Clock app, navigate to the Alarm page, then tap the toggle switch to turn off the 06:30 Saturday alarm to disable it",['Clock'],10,1,
egjen34apsm5q24m,"Open Clock app, navigate to the Alarm page, then add a label to an existing alarm by tapping the 'Add label' option",['Clock'],10,1,
t70mwljbk6kyzhzk,"Open Clock app, navigate to the Alarm page, then tap on the Saturday (S) day button for any existing alarm to toggle it",['Clock'],10,1,
iajhs7c2qq3ybjz8,"Open Clock app, navigate to Bedtime page, then tap the wake-up time (07:00) to adjust the morning alarm time",['Clock'],10,1,
faoaumuj0glyr99q,"Open Clock app, navigate to Alarm section, then tap the toggle switch to enable or disable an existing alarm",['Clock'],10,1,
r6fbcxk2irleqcv0,"Open Clock app, navigate to Stopwatch page, then start the stopwatch and immediately tap the pause button to stop timing",['Clock'],10,1,
zre06olb3vlsqfyg,"Open Clock app, navigate to the Alarm page, then select 'Settings' from the dropdown menu to access app settings",['Clock'],10,1,
fl13xrdlp7c3dqma,"Open Clock app, navigate to Bedtime page, first set up a sleep schedule showing 8 hours duration, then enable bedtime activity tracking by selecting 'Continue' in the recent bedtime activity dialog",['Clock'],20,2,
4jv4ff6ak6ngawis,"Open Clock app, navigate to the Alarm page, then tap the plus button to create a new alarm",['Clock'],10,1,
i8pct397uad1tis2,"Open Clock app, navigate to Bedtime page, then tap 'Continue' button to proceed with the bedtime activity tracking setup",['Clock'],10,1,
iztprgjqdo3c88d8,"Open Clock app, navigate to the Alarm page, then tap the + button to create a new alarm",['Clock'],10,1,
5sogi58sg1mk98mp,"Open Clock app, navigate to Timer page, then tap the three-dot menu button to access timer options",['Clock'],10,1,
00nicpfy8xgy6f0i,"Open Clock app, navigate to Alarm page, then toggle the vibrate setting to disable vibration",['Clock'],10,1,
jfx0xthgbjicok5w,"Open Clock app, navigate to the Stopwatch tab to access stopwatch features",['Clock'],10,1,
b8dlw9l6n22ion9x,"Open Clock app, navigate to Stopwatch page, then press the start button to begin timing",['Clock'],10,1,
l4653pmr2tbq3z94,"Open Clock app, navigate to the Bedtime tab to view bedtime settings",['Clock'],10,1,
h8xk5ju8zg80zofx,"Open Clock app, navigate to Timer page, then access Settings to complete opening Clock app settings",['Clock'],10,1,
epefpe5eesrhslku,"Open Contacts app, navigate to the Fix & manage page, then select Import from SIM option to access SIM contacts screen and verify SIM import functionality is available",['Contacts'],20,2,
418ywdcjfo5s13de,"Open Contacts app, navigate to the three-dot menu, tap on Contacts app settings, then navigate to Name format option and change it from 'Last name first' to 'First name first' to complete the name display format modification",['Contacts'],20,2,
ex3bf40m9bvgxe6w,"Open Contacts app, navigate to Fix & manage page, then select Settings and locate the Default account for new contacts option to change it from 'Device' to a different account storage location",['Contacts'],20,2,
pyhp9h2yr8rvq6xj,"Open Contacts app, navigate to Create contact page, fill in the company field as 'Tech Corp', add an email address as 'contact@techcorp.com', then change the email label from 'Home' to 'Work' to complete business contact creation",['Contacts'],20,2,
xfw8rdsv3d4hi1eh,"Open Contacts app, navigate to Fix & manage page, then select Settings and access the Phonetic name configuration to change the setting from 'Hide if empty' to 'Show always'",['Contacts'],20,2,
f92po9le6r62s7r7,"Open Contacts app, navigate to Fix & manage page, then select Settings to access the configuration options and change the Sort by option from 'Last name' to 'First name'",['Contacts'],20,2,
x7qreik7frrb2apf,"Open Contacts app, first create a contact with basic information, then navigate to the Edit Contact page and change the phone label from 'Mobile' to 'Home' using the label dropdown",['Contacts'],10,1,
wtwv5i5nyt1e8acd,"Open Contacts app, first create contacts and assign them to Project Team group, then navigate to the Project Team page and select 'Remove from label' for one contact to complete removing a member from the group",['Contacts'],10,1,
cqi3qs96ttebfdga,"Open Contacts app, navigate to the menu options, then tap on Contacts app settings to complete accessing contact settings",['Contacts'],10,1,
sqqf6dxewg8kqamd,"Open Contacts app, navigate to the main contacts page, then tap on a company filter option from the expanded company list to filter contacts by that organization",['Contacts'],10,1,
rh6ch52ia85numv1,"Open Contacts app, first access the main contacts list page, then tap the search bar and type 'John' to complete searching for contacts with that name",['Contacts'],10,1,
kycc9xgxeaeshki8,"Open Contacts app, navigate to Your info section, then tap the Add picture button to complete profile photo setup",['Contacts'],10,1,
cg8c8ianxt4bm7iz,"Open Contacts app, navigate to Create contact page, then tap the Save button to complete contact saving process",['Contacts'],10,1,
a68jtj1mxi5n79ba,"Open Contacts app, first create a new contact named 'David Brown' with phone number 555-987-6543, then navigate to David Brown's contact details page and add an email address david@company.com to complete the contact information update",['Contacts'],20,2,
5hvbgrijsllxjx2q,"Open Contacts app, navigate to Your info section, add a profile photo by taking a new photo using the camera, then save the updated profile to complete photo setup",['Contacts'],20,2,
4n55w0uluh45d0t6,"Open Contacts app, navigate to Mike Wilson's contact details page, then tap the edit icon and modify the existing address from '123 Main Street, Springfield, IL 62701' to '456 Oak Avenue, Chicago, IL 60601' to complete the address update",['Contacts'],20,2,
hi49aj3lsgds1q1t,"Open Contacts app, navigate to Fix & manage page, then select Settings and access the Name format configuration to change the display format from 'Last name first' to 'First name first'",['Contacts'],20,2,
7xsxqhuvpktdrtx6,"Open Contacts app, first create a new contact named 'Sarah Johnson' with phone number 555-0123, then navigate to Sarah Johnson's contact details page and tap 'Add to Home screen' to complete home screen shortcut creation",['Contacts'],10,1,
k2k23yz9bsycjqbs,"Open Contacts app, navigate to Create contact page, then tap the 'Add picture' button and select 'Take photo' option",['Contacts'],10,1,
0tm9cffo1vuerjsc,"Open Contacts app, navigate to Fix & manage page, then access Settings, first change the current theme setting to 'Light', modify the sort by option to 'First name', change the name format to display first name first, configure phonetic name settings to show when available, and finally update the default account for new contacts to a non-device option",['Contacts'],30,3,
ce0deoiij46ln4w5,"Open Contacts app, navigate to Fix & manage page, then tap Settings to access the Settings page, change the sort order from 'Last name' to 'First name', modify the name format from 'Last name first' to 'First name first', and finally change the default account for new contacts from 'Device' to another available account option",['Contacts'],30,3,
o8nlx42jpq1aezco,"Open Contacts app, navigate to Fix & manage page through the bottom navigation, access the Settings option, then systematically configure multiple display preferences by changing the theme to 'System default', updating the sort order to 'First name', modifying the name format to 'First name first', adjusting phonetic name display settings, and changing the default storage account for new contacts",['Contacts'],30,3,
7yduk73q2qpbia65,"Open Contacts app, begin creating a new contact by adding a picture through camera, take a photo and crop it using the photo editing tools, then fill in First name as 'Michael', add all three phonetic name fields (first, middle, last), and add both Company and Phone information before saving",['Contacts'],30,3,
1eradfe515ufsncz,"Open Contacts app, navigate to Your info section, then enter 'Emma' as First name, 'Wilson' as Last name, add company information 'Design Studio', enter two different contact methods with phone and email, and modify the phone label dropdown before saving the complete profile",['Contacts'],30,3,
tnjpvsoch9vunlq9,"Open Contacts app, navigate to Your info section, first add a profile photo using Take photo option, then fill in all phonetic name fields with 'Phonetic Last Name' as 'Smith-Pho', 'Phonetic middle name' as 'Mid-Pho', and 'Phonetic first name' as 'John-Pho' to complete phonetic name configuration",['Contacts'],30,3,
cx2i857dxtt87yzo,"Open Contacts app, navigate to the main contacts page, then tap on the 'Phone contacts' filter button to display only phone-based contacts",['Contacts'],10,1,
y6nj4mcul6vgob0z,"Open Contacts app, navigate to the Settings page, then tap on Name format option to complete accessing name display preferences",['Contacts'],10,1,
uazwiovlica1g0yi,"Open Contacts app, navigate to Create contact page, then tap the 'Add picture' button to open photo options",['Contacts'],10,1,
tsx9qpb4xw0j1sdy,"Open Contacts app, navigate to the main contacts list page, then tap the plus button to open Create contact page",['Contacts'],10,1,
qlihqst35plc7obt,"Open Contacts app, navigate to the Favorites section, then tap the search bar to activate contact search functionality",['Contacts'],10,1,
oen35bsfofu20k6p,"Open Contacts app, navigate to the Fix & manage page, then tap on 'Blocked numbers' to complete blocked numbers access",['Contacts'],10,1,
he150fpxsy00egd3,"Open Contacts app, navigate to the Create contact page, then tap the 'Add picture' button to open photo options",['Contacts'],10,1,
14uvasc90m9lr15c,"Open Contacts app, navigate to the Fix & manage page, then tap on 'Import from SIM' to access SIM card contact import",['Contacts'],10,1,
f9qalk7ig0nzgcbt,"Open Contacts app, navigate to Create contact page, then enter '555-1234' in the Phone field",['Contacts'],10,1,
06jwq6pam1ua3k3o,"Open Contacts app, navigate to Settings page, then tap on Phonetic name option to modify phonetic name display settings",['Contacts'],10,1,
5jezsob81dix2bfn,"Open Contacts app, navigate to Create contact page, then tap the Label dropdown next to Phone field to complete phone label selection",['Contacts'],10,1,
2689g515wzfq7k87,"Open Contacts app, navigate to the Fix & manage page, then tap Import from SIM to complete accessing SIM contact import",['Contacts'],10,1,
uv5r5myubhaiguwv,"Open Contacts app, navigate to the Create contact page, then tap the phone label dropdown and select 'Other' from the available options",['Contacts'],10,1,
u0bmhkmi9psfx0eh,"Open Contacts app, navigate to Create contact page, then fill in the company field as 'Google' to complete organization information",['Contacts'],10,1,
0yio44hkrzmumx26,"Open Contacts app, navigate to the contacts list page, then tap the Text button for any contact to send a message",['Contacts'],10,1,
m9v5o9gp4c4l50d4,"Open Contacts app, navigate to the Create contact page, then tap the Save button to complete contact creation",['Contacts'],10,1,
xu1v7ah5ym2ceu3i,"Open Contacts app, navigate to Email contacts tab, then tap the add contact button to complete opening the create contact form",['Contacts'],10,1,
k7836uytm53wravx,"Open Contacts app, navigate to the Contacts page, then tap the add button to complete opening the create contact form",['Contacts'],10,1,
an190y5filoheamt,"Open Contacts app, navigate to the Create contact page, then add a second email field by tapping in the empty Email field below the existing one",['Contacts'],10,1,
kcug1119a9605r5b,"Open Contacts app, navigate to Create contact page, then fill in the last name field as 'Johnson' to complete surname entry",['Contacts'],10,1,
959xkg07iywm848p,"Open Contacts app, navigate to Create contact page, and tap on the Phone label dropdown to view available phone number type options",['Contacts'],10,1,
mb85fpx60nf3evyu,"Open Contacts app, navigate to Create contact page, then enter 'John' in the First name field to complete basic contact creation",['Contacts'],10,1,
klco6g5il4w5ke2k,"Open Contacts app, navigate to Fix & manage page, then tap on Settings to complete accessing the settings configuration",['Contacts'],10,1,
fn23sq6wc26yir63,"Open Contacts app, navigate to the contacts list page and tap the hamburger menu to access the labels/groups view",['Contacts'],10,1,
6pafq31ti8g8m9vj,"Open Contacts app, navigate to Create contact page, then enter '555-123-4567' in the Phone field to complete phone number entry",['Contacts'],10,1,
3eagg7mlqdoe0nd2,"Open Contacts app, navigate to Create contact page, then fill in the phone number field as '555-1234' to complete contact phone entry",['Contacts'],10,1,
vue4hp1jmac45hac,"Open Contacts app, navigate to the search interface by tapping the search bar, then tap the back arrow to return to the main contacts page",['Contacts'],10,1,
rjjnurfhm6jbmixq,"Open Contacts app, navigate to the Contacts page, then tap on 'Create new contact' to complete contact creation setup",['Contacts'],10,1,
9lsrl9j8r9iv1my0,"Open Contacts app, navigate to Settings page, then tap on Your info option to access personal information settings",['Contacts'],10,1,
p3bnb1c3reqhi8bf,"Open Contacts app, navigate to the Fix & manage page, then tap on the 'Settings' option",['Contacts'],10,1,
ompqcwuie9mrj5ed,"Open Contacts app, navigate to Fix & manage page and select Import from SIM to access the SIM import functionality",['Contacts'],10,1,
27qz4xd1e5mxdmsn,"Open Contacts app, navigate to the search contacts page, then type 'Mike' in the search field to complete contact search",['Contacts'],10,1,
4y8y3kx4eythhloq,"Open Contacts app, navigate to the main contacts page, then tap on the 'Email contacts' filter button to show only contacts with email addresses",['Contacts'],10,1,
pl8ekpcw9u2iqaoo,"Open Contacts app, navigate to the Settings page, then tap on Sort by option to complete accessing contact sorting preferences",['Contacts'],10,1,
wv3oz6qgsx9kn10q,"Open Contacts app, navigate to Create contact page, then fill Company field with 'ABC Corp' to complete company information",['Contacts'],10,1,
iwqaiay9wh9tmv2z,"Open Contacts app, navigate to Create contact page, then enter a first name in the First name field to complete basic contact creation",['Contacts'],10,1,
hzp4cis4nr560p5r,"Open Contacts app, navigate to Phone contacts tab, then switch to Email contacts tab to complete the tab switching",['Contacts'],10,1,
5xnxzppiz6hchmi6,"Open Contacts app, navigate to the Contacts page and tap on the Create new contact option to start creating a new contact",['Contacts'],10,1,
zviervnq1foyex09,"Open Contacts app, navigate to the Voicemail page to access voicemail messages",['Contacts'],10,1,
eax5qjl5rk8klmv7,"Open Contacts app, navigate to the contacts list page, then tap the plus button to complete accessing the new contact creation interface",['Contacts'],10,1,
z185pexhrm1ozoid,"Open Contacts app, navigate to the main contacts list page, then tap on the search bar to initiate a contact search",['Contacts'],10,1,
n3a21abo77250o1w,"Open Contacts app, navigate to the bottom navigation bar, then tap on the 'Highlights' tab to switch to the highlights section",['Contacts'],10,1,
72h7qjh6rrgrfxtb,"Open Contacts app, navigate to Create contact page, then tap the Save button to complete contact creation process",['Contacts'],10,1,
1ypexs1xbfjkhpgt,"Open Contacts app, navigate to the main contacts page, then tap the search bar to activate the search functionality",['Contacts'],10,1,
xlxsnmpeaq45crmn,"Open Contacts app, navigate to Create contact page, then tap on the phone label dropdown and select 'Work' to complete phone label change",['Contacts'],10,1,
z6gqq1nnsivspn0b,"Open Contacts app, first navigate to the main contacts list, then access the menu options and select 'Select' to enter contact selection mode",['Contacts'],10,1,
w8uzd90ym1osv2wc,"Open Contacts app, navigate to a contact's detail page and tap the 'Text' button to send a message",['Contacts'],10,1,
0r39auyak12cwh2h,"Open Contacts app, navigate to the Fix & manage page and tap on the 'Import from SIM' option",['Contacts'],10,1,
obxj97rn3gjg0h2f,"Open Contacts app, navigate to Fix & manage page, then tap on Export to file to complete initiating contact backup process",['Contacts'],10,1,
qrwe7fus8fctfnwz,"Open Contacts app, navigate to Fix & manage page, then tap on 'Blocked numbers' to complete accessing call blocking settings",['Contacts'],10,1,
2e2f5vixu17htxq0,"Open Contacts app, navigate to Settings page, then tap on Default account for new contacts option to change the account setting",['Contacts'],10,1,
52n32cm7j5f0v21g,"Open Contacts app, navigate to the main contacts page, then tap on the 'Email contacts' filter button to display only email-based contacts",['Contacts'],10,1,
5c4p7gridhapnxg9,"Open Contacts app, navigate to the Fix & manage page, then tap on 'Settings' to open the contacts application settings",['Contacts'],10,1,
fciru9w48k6r5csr,"Open Contacts app, navigate to the Fix & manage page, then tap on 'Import from SIM' to access the SIM card import feature",['Contacts'],10,1,
xy44q8d08gyxv5u8,"Open Contacts app, navigate to the Contacts page, then tap on Phone contacts filter to complete switching to phone contacts view",['Contacts'],10,1,
4dsvjtnxfwgvhcte,"Open Contacts app, navigate to Create contact page, then enter 'Smith' in the Last name field to complete basic name information",['Contacts'],10,1,
ew1yo64mpms0l0l0,"Open Contacts app, navigate to Your info section, then enter 'TechCorp' in the Company field to complete work information",['Contacts'],10,1,
z6fc0rbuz31urcru,"Open Contacts app, navigate to the Create contact page, then tap the 'Add picture' button to access contact photo options",['Contacts'],10,1,
ge1epiv2xayysbyx,"Open Contacts app, navigate to Create contact page, then enter a phone number in the Phone field to complete contact phone information",['Contacts'],10,1,
6lzt2rw5nepds5ea,"Open Contacts app, navigate to Fix & manage page, then tap on Blocked numbers to complete accessing blocked numbers management",['Contacts'],10,1,
7uot3plvr7h29m33,"Open Contacts app, navigate to the Settings page, then tap on Theme option to complete accessing theme customization",['Contacts'],10,1,
ajtaik8ucxlvkr7i,"Open Contacts app, navigate to Settings page, then change the theme from Light to Dark mode to complete the theme configuration",['Contacts'],10,1,
c6dphkh439wv9k4z,"Open Contacts app, navigate to the main contacts page, then tap on the 'Phone contacts' filter button to display only contacts with phone numbers",['Contacts'],10,1,
naegiyrx9ngpowhk,"Open Contacts app, navigate to Settings page, then access the Display section to complete viewing display configuration options",['Contacts'],10,1,
sadkr774937xj3al,"Open Contacts app, navigate to Fix & manage page, then tap on Blocked numbers to complete accessing call blocking features",['Contacts'],10,1,
6jqv7c5j62yul3ru,"Open Contacts app, navigate to Fix & manage page, then tap on Blocked numbers to access the blocked contacts management screen",['Contacts'],10,1,
8lgl3sjrbetup233,"Open Contacts app, navigate to the Fix & manage page, then tap on 'Blocked numbers' to view the blocked numbers list",['Contacts'],10,1,
4u0v5izhdzpjtpsy,"Open Contacts app, navigate to the Fix & manage page, then tap on 'Settings' option to access contact settings",['Contacts'],10,1,
k0ko73z6tumamg8e,"Open Contacts app, navigate to the main contacts list and tap the search bar at the top to activate search functionality",['Contacts'],10,1,
qxr9cr0fshmayq73,"Open Contacts app, navigate to the main contacts list page, then select a contact from the list to view their contact details page",['Contacts'],10,1,
oh386id2l4ej5zf0,"Open OsmAnd app, first navigate to Settings page, then configure Browse map profile by enabling Driving, Cycling, and Walking profiles and disable Truck profile to complete profile configuration",['OsmAnd'],30,3,
ksgas87b6g43bww1,"Open OsmAnd app, navigate to the main menu and access Settings, then go to OsmAnd settings and enable Analytics to allow data collection",['OsmAnd'],20,2,
ojw1mrfrmj43lfed,"Open OsmAnd app, first access the main menu and navigate to the Plugins section, then select and enable the Parking position plugin to activate location marking features",['OsmAnd'],20,2,
gb2bvaepl7y1nun2,"Open OsmAnd app, open the main menu, navigate to the Download maps section, then switch to the UPDATES tab to check for available map updates",['OsmAnd'],20,2,
phlz6bl8dy3siifa,"Open OsmAnd app, first navigate to OsmAnd settings page and turn off Analytics setting, then navigate to Configure map page and enable Transport overlay option to complete map display customization",['OsmAnd'],30,3,
fcoruhyipiwqq9nj,"Open file explorer, navigate to the net.osmand folder in the obb directory, then access the menu options and select 'Storage settings' to view storage configuration",['OsmAnd'],10,1,
lfjf4ws8vlz6fuqy,"Open OsmAnd app, navigate to Browse map Configure profile page, then access Export profile and select Settings checkbox to complete profile backup preparation",['OsmAnd'],20,2,
n6ekzldakw84txqi,"Open OsmAnd app, access the main menu, navigate to the Download maps section, then switch to the LOCAL tab to view locally stored maps",['OsmAnd'],20,2,
vt7xdnmancr56vms,"Open OsmAnd app, first create a route by adding two points on the map using Plan a route mode, then tap the 'Done' button to finish route creation",['OsmAnd'],10,1,
51c1q6oqe2utdusz,"Open OsmAnd app, navigate to Data storage folder page, then examine the storage capacities and switch from current selection to External storage 1 option",['OsmAnd'],20,2,
b01c36on8bri2tuu,"Open OsmAnd app, navigate to Browse map Configure profile page, then access Configure map section and enable Transport layer to complete map display configuration",['OsmAnd'],20,2,
scx2irhrus9dwjjp,"Open file explorer, access the obb folder, then tap on 'Storage settings' from the menu to check the SDCARD storage usage statistics",['OsmAnd'],10,1,
k03yfi5ctci1c49w,"Open OsmAnd app, navigate to Configure profile page, then access Configure map section and enable Transport layer to complete map visualization setup",['OsmAnd'],20,2,
55g2w7bwo59dgt2j,"Open OsmAnd app, navigate to Configure profile page, then access Export profile function and select Settings data for export to complete profile backup process",['OsmAnd'],20,2,
dc0rwkae2f3tfc83,"Open OsmAnd app, navigate to Data storage folder page, then change from the current External storage 1 selection to Multiuser storage 2 and verify the change",['OsmAnd'],20,2,
vfx0y3wjc3db4vx5,"Open OsmAnd app, first navigate to the Data storage folder page, select Internal app memory as the current storage option, then change to External storage 2, navigate back to the map view, and return to the Data storage folder page to verify the storage change was applied",['OsmAnd'],30,3,
xi3x98o1t7n012sp,"Open OsmAnd app, first navigate to Configure profile page, then access Configure map settings, enable Favorites display by toggling its switch to on, disable Transport layer by toggling its switch to off, enable Point Labels (POI, Favorites) by toggling its switch to on, and disable Tracks layer by toggling its switch to off to complete map layer customization",['OsmAnd'],30,3,
fdq8a6k6talk66jv,"Open OsmAnd app, navigate to Data storage folder page, first identify storage options with lowest capacity (0.5 GB), then select External storage 2 option, verify the path '/storage/0000-0000/Android/data/net.osmand/files', navigate back to the storage selection, and finally change to Multiuser storage 1 to complete the storage path configuration",['OsmAnd'],30,3,
igv1icksms56myl5,"Open OsmAnd app, first navigate to Configure profile page, then access Export profile action, select Settings data for export by enabling its checkbox, disable My Places and Resources data by unchecking their checkboxes, proceed with Continue button, handle any exit confirmation dialog by selecting appropriate action, and return to Configure profile page to complete selective profile data export configuration",['OsmAnd'],30,3,
ec3dsyqxk9od0qvt,"Open OsmAnd app, first navigate to Browse map profile configuration, then access Export profile option and select Settings and My Places for export, and confirm export by clicking Continue to complete profile backup",['OsmAnd'],30,3,
bby5n92lg47w2k7e,"Open OsmAnd app, first navigate to the Data storage folder page, select Internal app memory option, then switch to External storage 1, verify the change by checking the storage path details, navigate to the map view to test functionality, and return to storage settings to switch back to Internal app memory",['OsmAnd'],30,3,
qfvngrwybdyz5zfs,"Open OsmAnd app, navigate to Configure profile page, then tap on Configure map to access map appearance settings",['OsmAnd'],10,1,
erzebvemjdoi53zm,"Open OsmAnd app, navigate to Data storage folder page, then select External storage 2 option to change the storage location",['OsmAnd'],10,1,
s555nhixzbd2clet,"Open OsmAnd app, navigate to Data storage folder page, then select Multiuser storage 1 option to change the storage location",['OsmAnd'],10,1,
6jo0h96cw9vp4xsy,"Open OsmAnd app, navigate to the search function and switch from 'HISTORY' tab to 'CATEGORIES' tab to browse location categories",['OsmAnd'],10,1,
w6n4u9v4cbb0vs3v,"Open OsmAnd app, navigate to the Downloads section, then tap on the LOCAL tab to view locally stored maps",['OsmAnd'],10,1,
7oo5eken0kz1yojf,"Open OsmAnd app, navigate to Data storage folder page, then select Manually specified option to configure custom storage location",['OsmAnd'],10,1,
1orjtmp711qlxvtg,"Open OsmAnd app, navigate to Configure profile page, then tap on General settings to view app theme and units configuration",['OsmAnd'],10,1,
lnxig397cdhurd2n,"Open OsmAnd app, navigate to Configure profile page, then tap on Profile appearance to access icon and color customization",['OsmAnd'],10,1,
ad1kwtsso4o05cof,"Open OsmAnd app, navigate to the map view and tap the plus (+) button to open the zoom controls",['OsmAnd'],10,1,
ggoqbn0y3vbtav70,"Open OsmAnd app, navigate to Data storage folder page, then use the back arrow to return to the previous page",['OsmAnd'],10,1,
lmt54i7wn6m61wq6,"Open OsmAnd app, navigate to Data storage folder page, then select Internal app memory option and confirm the selection to change storage from current setting",['OsmAnd'],20,2,
hv44fc1lcmy9vv2w,"Open OsmAnd app, then navigate to the main menu and tap on Map markers to access the map markers section",['OsmAnd'],10,1,
t1np9b274lhx2621,"Open OsmAnd app, navigate to Configure profile page, then tap on Copy from another profile to select a different profile template",['OsmAnd'],10,1,
3bg6e6zjlvaztw3i,"Open OsmAnd app, then navigate to the main menu and tap on Search to access the search functionality",['OsmAnd'],10,1,
m8g2vxy5cfcbbnft,"Open OsmAnd app, navigate to the main menu by tapping the menu button, then tap on 'Plugins' to open the plugins page",['OsmAnd'],10,1,
26hdfm255e5bj04i,"Open OsmAnd app, first navigate to the main menu and open Plugins page, then scroll down to find the 'Weather' plugin option",['OsmAnd'],10,1,
st5kgn2l4hbgbawm,"Open OsmAnd app, navigate to Data storage folder page, then compare the free space between Multiuser storage 1 and Multiuser storage 2 options and select the one with higher available capacity",['OsmAnd'],20,2,
g6xp36p4qvacude3,"Open OsmAnd app, navigate to the map view, then tap on any location on the map to place a location marker",['OsmAnd'],10,1,
eijijvxwhmuysoys,"Open OsmAnd app, navigate to OsmAnd settings page, then navigate to Analytics section and enable analytics tracking to complete privacy settings configuration",['OsmAnd'],20,2,
8ww6hnu8jrgmqcep,"Open OsmAnd app, navigate to Browse map Configure profile page, then access the Configure map settings",['OsmAnd'],10,1,
r3aynn0icnfuc6ab,"Open OsmAnd app, navigate to Data storage folder page, then select Multiuser storage 2 option to change the storage location",['OsmAnd'],10,1,
817o5hf7zplk7gt7,"Open OsmAnd app, navigate to Configure profile page, then tap on Weather plugin settings to view weather configuration options",['OsmAnd'],10,1,
xl824jsqeehllfc3,"Open OsmAnd app, navigate to Settings page, then toggle the Auto-backup setting from On to Off to complete backup configuration",['OsmAnd'],10,1,
ngbrdwmi1rwsec5a,"Open OsmAnd app, navigate to Data storage folder page, then tap the Migration button in the Shared memory section",['OsmAnd'],10,1,
09jxagz88qs6cajj,"Open OsmAnd app, navigate to Data storage folder page, then select Internal app memory option to change the storage location",['OsmAnd'],10,1,
y5wmj2regp0xr6ji,"Open OsmAnd app, navigate to the SDCARD directory page, then tap the 'CREATE NEW FOLDER' button to access the folder creation dialog",['OsmAnd'],10,1,
7l30sknj0k5vpinm,"Open OsmAnd app, navigate to Settings page, then toggle the Analytics setting from Off to On to complete privacy settings configuration",['OsmAnd'],10,1,
e6dp7t6o1t24tl0x,"Open OsmAnd app, first search for any location to display search results, then tap 'SHOW ON MAP' button to view the location on the map",['OsmAnd'],10,1,
4xyk7dmi5kkkmgq1,"Open OsmAnd app, navigate to OsmAnd settings page, then access the Data storage folder option to view current storage configuration",['OsmAnd'],10,1,
pvti7o06kh4x9hy9,"Open OsmAnd app, navigate to Data storage folder page, then tap the back button to return to the previous screen",['OsmAnd'],10,1,
6g6oe5hgsd0ibkf2,"Open OsmAnd app, navigate to Data storage folder page, then scroll down to view all available storage options and select the Manually specified option at the bottom",['OsmAnd'],20,2,
